300L,donor_pdb:104B,acceptor_pdb:15C,donor_res:568,acceptor_res:943,donor_type:ARG,acceptor_type:GUA,acceptor_atom:O6,energy:-1.3827076437388266
300L,donor_pdb:104B,acceptor_pdb:16C,donor_res:568,acceptor_res:944,donor_type:ARG,acceptor_type:CYT,acceptor_atom:O2,energy:-0.5645113734123162
300L,donor_pdb:104B,acceptor_pdb:16C,donor_res:568,acceptor_res:944,donor_type:ARG,acceptor_type:CYT,acceptor_atom:N3,energy:-0.974362560963287
274Y,donor_pdb:20C,acceptor_pdb:274A,donor_res:948,acceptor_res:274,donor_type:GUA,acceptor_type:TYR,acceptor_atom:OH,energy:-0.6555571389761641
291H,donor_pdb:104B,acceptor_pdb:15C,donor_res:568,acceptor_res:943,donor_type:ARG,acceptor_type:GUA,acceptor_atom:O6,energy:-1.47780371675892
291H,donor_pdb:104B,acceptor_pdb:16C,donor_res:568,acceptor_res:944,donor_type:ARG,acceptor_type:CYT,acceptor_atom:O2,energy:-0.43996045756951074
291H,donor_pdb:104B,acceptor_pdb:16C,donor_res:568,acceptor_res:944,donor_type:ARG,acceptor_type:CYT,acceptor_atom:N3,energy:-1.0174083829167482
136K,donor_pdb:104B,acceptor_pdb:15C,donor_res:568,acceptor_res:943,donor_type:ARG,acceptor_type:GUA,acceptor_atom:O6,energy:-1.3851408889509245
136K,donor_pdb:104B,acceptor_pdb:16C,donor_res:568,acceptor_res:944,donor_type:ARG,acceptor_type:CYT,acceptor_atom:O2,energy:-0.16695821902296018
136K,donor_pdb:104B,acceptor_pdb:16C,donor_res:568,acceptor_res:944,donor_type:ARG,acceptor_type:CYT,acceptor_atom:N3,energy:-1.26628300292802
274R,donor_pdb:274A,acceptor_pdb:20C,donor_res:274,acceptor_res:948,donor_type:ARG,acceptor_type:GUA,acceptor_atom:N3,energy:-0.7866548487439617
348Y,donor_pdb:27C,acceptor_pdb:348A,donor_res:955,acceptor_res:348,donor_type:CYT,acceptor_type:TYR,acceptor_atom:OH,energy:-0.7277376908436237
348Y,donor_pdb:104B,acceptor_pdb:15C,donor_res:568,acceptor_res:943,donor_type:ARG,acceptor_type:GUA,acceptor_atom:O6,energy:-1.2188241396371053
348Y,donor_pdb:104B,acceptor_pdb:16C,donor_res:568,acceptor_res:944,donor_type:ARG,acceptor_type:CYT,acceptor_atom:N3,energy:-1.316195194134008
112R,donor_pdb:104B,acceptor_pdb:15C,donor_res:568,acceptor_res:943,donor_type:ARG,acceptor_type:GUA,acceptor_atom:O6,energy:-1.4287028410707523
112R,donor_pdb:104B,acceptor_pdb:16C,donor_res:568,acceptor_res:944,donor_type:ARG,acceptor_type:CYT,acceptor_atom:O2,energy:-0.34762470981997706
112R,donor_pdb:104B,acceptor_pdb:16C,donor_res:568,acceptor_res:944,donor_type:ARG,acceptor_type:CYT,acceptor_atom:N3,energy:-1.161890065348671
92H,donor_pdb:104B,acceptor_pdb:15C,donor_res:568,acceptor_res:943,donor_type:ARG,acceptor_type:GUA,acceptor_atom:O6,energy:-1.4292012894196984
92H,donor_pdb:104B,acceptor_pdb:16C,donor_res:568,acceptor_res:944,donor_type:ARG,acceptor_type:CYT,acceptor_atom:O2,energy:-0.16767273501329594
92H,donor_pdb:104B,acceptor_pdb:16C,donor_res:568,acceptor_res:944,donor_type:ARG,acceptor_type:CYT,acceptor_atom:N3,energy:-1.2625781780673262
330M,donor_pdb:104B,acceptor_pdb:15C,donor_res:568,acceptor_res:943,donor_type:ARG,acceptor_type:GUA,acceptor_atom:O6,energy:-1.3229285394478416
330M,donor_pdb:104B,acceptor_pdb:16C,donor_res:568,acceptor_res:944,donor_type:ARG,acceptor_type:CYT,acceptor_atom:O2,energy:-0.5053720735943859
330M,donor_pdb:104B,acceptor_pdb:16C,donor_res:568,acceptor_res:944,donor_type:ARG,acceptor_type:CYT,acceptor_atom:N3,energy:-0.983684758872427
110Q,donor_pdb:104B,acceptor_pdb:15C,donor_res:568,acceptor_res:943,donor_type:ARG,acceptor_type:GUA,acceptor_atom:O6,energy:-1.494504632563495
110Q,donor_pdb:104B,acceptor_pdb:16C,donor_res:568,acceptor_res:944,donor_type:ARG,acceptor_type:CYT,acceptor_atom:O2,energy:-0.5339554483583017
110Q,donor_pdb:104B,acceptor_pdb:16C,donor_res:568,acceptor_res:944,donor_type:ARG,acceptor_type:CYT,acceptor_atom:N3,energy:-0.9286212808685644
255Q,donor_pdb:104B,acceptor_pdb:15C,donor_res:568,acceptor_res:943,donor_type:ARG,acceptor_type:GUA,acceptor_atom:O6,energy:-1.4136585051314272
255Q,donor_pdb:104B,acceptor_pdb:16C,donor_res:568,acceptor_res:944,donor_type:ARG,acceptor_type:CYT,acceptor_atom:O2,energy:-0.5594527958054692
255Q,donor_pdb:104B,acceptor_pdb:16C,donor_res:568,acceptor_res:944,donor_type:ARG,acceptor_type:CYT,acceptor_atom:N3,energy:-1.049612866430837
331R,donor_pdb:104B,acceptor_pdb:15C,donor_res:568,acceptor_res:943,donor_type:ARG,acceptor_type:GUA,acceptor_atom:O6,energy:-1.4259929688561346
331R,donor_pdb:104B,acceptor_pdb:16C,donor_res:568,acceptor_res:944,donor_type:ARG,acceptor_type:CYT,acceptor_atom:O2,energy:-0.21570957743775837
331R,donor_pdb:104B,acceptor_pdb:16C,donor_res:568,acceptor_res:944,donor_type:ARG,acceptor_type:CYT,acceptor_atom:N3,energy:-1.253808939462365
330Q,donor_pdb:104B,acceptor_pdb:15C,donor_res:568,acceptor_res:943,donor_type:ARG,acceptor_type:GUA,acceptor_atom:O6,energy:-1.3321420349623045
330Q,donor_pdb:104B,acceptor_pdb:16C,donor_res:568,acceptor_res:944,donor_type:ARG,acceptor_type:CYT,acceptor_atom:O2,energy:-0.23554750565788735
330Q,donor_pdb:104B,acceptor_pdb:16C,donor_res:568,acceptor_res:944,donor_type:ARG,acceptor_type:CYT,acceptor_atom:N3,energy:-1.2191131239180857
135M,donor_pdb:104B,acceptor_pdb:15C,donor_res:568,acceptor_res:943,donor_type:ARG,acceptor_type:GUA,acceptor_atom:O6,energy:-1.3376871683826335
135M,donor_pdb:104B,acceptor_pdb:16C,donor_res:568,acceptor_res:944,donor_type:ARG,acceptor_type:CYT,acceptor_atom:O2,energy:-0.19292432004713106
135M,donor_pdb:104B,acceptor_pdb:16C,donor_res:568,acceptor_res:944,donor_type:ARG,acceptor_type:CYT,acceptor_atom:N3,energy:-1.2226252279845344
107Q,donor_pdb:104B,acceptor_pdb:15C,donor_res:568,acceptor_res:943,donor_type:ARG,acceptor_type:GUA,acceptor_atom:O6,energy:-1.4160324905244623
107Q,donor_pdb:104B,acceptor_pdb:16C,donor_res:568,acceptor_res:944,donor_type:ARG,acceptor_type:CYT,acceptor_atom:O2,energy:-0.2929841673386145
107Q,donor_pdb:104B,acceptor_pdb:16C,donor_res:568,acceptor_res:944,donor_type:ARG,acceptor_type:CYT,acceptor_atom:N3,energy:-1.2020602400690492
81L,donor_pdb:104B,acceptor_pdb:15C,donor_res:568,acceptor_res:943,donor_type:ARG,acceptor_type:GUA,acceptor_atom:O6,energy:-1.434562262103558
81L,donor_pdb:104B,acceptor_pdb:16C,donor_res:568,acceptor_res:944,donor_type:ARG,acceptor_type:CYT,acceptor_atom:O2,energy:-0.5906093779974606
81L,donor_pdb:104B,acceptor_pdb:16C,donor_res:568,acceptor_res:944,donor_type:ARG,acceptor_type:CYT,acceptor_atom:N3,energy:-0.9884113173208603
255M,donor_pdb:104B,acceptor_pdb:15C,donor_res:568,acceptor_res:943,donor_type:ARG,acceptor_type:GUA,acceptor_atom:O6,energy:-1.482828639823886
255M,donor_pdb:104B,acceptor_pdb:16C,donor_res:568,acceptor_res:944,donor_type:ARG,acceptor_type:CYT,acceptor_atom:O2,energy:-0.5306222745207778
255M,donor_pdb:104B,acceptor_pdb:16C,donor_res:568,acceptor_res:944,donor_type:ARG,acceptor_type:CYT,acceptor_atom:N3,energy:-0.9360822927380613
347Q,donor_pdb:104B,acceptor_pdb:15C,donor_res:568,acceptor_res:943,donor_type:ARG,acceptor_type:GUA,acceptor_atom:O6,energy:-1.1446400893817095
347Q,donor_pdb:104B,acceptor_pdb:16C,donor_res:568,acceptor_res:944,donor_type:ARG,acceptor_type:CYT,acceptor_atom:N3,energy:-1.334755512586468
211Y,donor_pdb:104B,acceptor_pdb:15C,donor_res:568,acceptor_res:943,donor_type:ARG,acceptor_type:GUA,acceptor_atom:O6,energy:-1.4630037734526273
211Y,donor_pdb:104B,acceptor_pdb:16C,donor_res:568,acceptor_res:944,donor_type:ARG,acceptor_type:CYT,acceptor_atom:O2,energy:-0.5155477589951886
211Y,donor_pdb:104B,acceptor_pdb:16C,donor_res:568,acceptor_res:944,donor_type:ARG,acceptor_type:CYT,acceptor_atom:N3,energy:-0.950750000130122
259Q,donor_pdb:266A,acceptor_pdb:24C,donor_res:266,acceptor_res:952,donor_type:ARG,acceptor_type:CYT,acceptor_atom:OP1,energy:-0.104595139839951
259Q,donor_pdb:104B,acceptor_pdb:16C,donor_res:568,acceptor_res:944,donor_type:ARG,acceptor_type:CYT,acceptor_atom:N3,energy:-0.6375135235296369
300R,donor_pdb:104B,acceptor_pdb:15C,donor_res:568,acceptor_res:943,donor_type:ARG,acceptor_type:GUA,acceptor_atom:O6,energy:-1.2703622182734295
300R,donor_pdb:104B,acceptor_pdb:16C,donor_res:568,acceptor_res:944,donor_type:ARG,acceptor_type:CYT,acceptor_atom:N3,energy:-1.3422618486368136
193Y,donor_pdb:100A,acceptor_pdb:31C,donor_res:100,acceptor_res:959,donor_type:GLN,acceptor_type:GUA,acceptor_atom:N7,energy:-0.728562427540914
193Y,donor_pdb:133A,acceptor_pdb:32C,donor_res:133,acceptor_res:960,donor_type:ASN,acceptor_type:ADE,acceptor_atom:OP2,energy:-0.2561419433747554
193Y,donor_pdb:193A,acceptor_pdb:31C,donor_res:193,acceptor_res:959,donor_type:TYR,acceptor_type:GUA,acceptor_atom:N7,energy:-0.022814519338277158
193Y,donor_pdb:104B,acceptor_pdb:15C,donor_res:568,acceptor_res:943,donor_type:ARG,acceptor_type:GUA,acceptor_atom:O6,energy:-1.346489727635772
193Y,donor_pdb:104B,acceptor_pdb:16C,donor_res:568,acceptor_res:944,donor_type:ARG,acceptor_type:CYT,acceptor_atom:O2,energy:-0.21062311891621915
193Y,donor_pdb:104B,acceptor_pdb:16C,donor_res:568,acceptor_res:944,donor_type:ARG,acceptor_type:CYT,acceptor_atom:N3,energy:-1.2568155525279314
95Y,donor_pdb:104B,acceptor_pdb:15C,donor_res:568,acceptor_res:943,donor_type:ARG,acceptor_type:GUA,acceptor_atom:O6,energy:-1.4036138375554599
95Y,donor_pdb:104B,acceptor_pdb:16C,donor_res:568,acceptor_res:944,donor_type:ARG,acceptor_type:CYT,acceptor_atom:O2,energy:-0.30771133919824156
95Y,donor_pdb:104B,acceptor_pdb:16C,donor_res:568,acceptor_res:944,donor_type:ARG,acceptor_type:CYT,acceptor_atom:N3,energy:-1.2239157560463032
134L,donor_pdb:104B,acceptor_pdb:15C,donor_res:568,acceptor_res:943,donor_type:ARG,acceptor_type:GUA,acceptor_atom:O6,energy:-1.4497629643131575
134L,donor_pdb:104B,acceptor_pdb:16C,donor_res:568,acceptor_res:944,donor_type:ARG,acceptor_type:CYT,acceptor_atom:O2,energy:-0.590684765116778
134L,donor_pdb:104B,acceptor_pdb:16C,donor_res:568,acceptor_res:944,donor_type:ARG,acceptor_type:CYT,acceptor_atom:N3,energy:-0.9673527179839868
345Q,donor_pdb:104B,acceptor_pdb:15C,donor_res:568,acceptor_res:943,donor_type:ARG,acceptor_type:GUA,acceptor_atom:O6,energy:-1.3532004649305611
345Q,donor_pdb:104B,acceptor_pdb:16C,donor_res:568,acceptor_res:944,donor_type:ARG,acceptor_type:CYT,acceptor_atom:N3,energy:-1.3868803121411644
133Y,donor_pdb:104B,acceptor_pdb:15C,donor_res:568,acceptor_res:943,donor_type:ARG,acceptor_type:GUA,acceptor_atom:O6,energy:-1.4314693217032788
133Y,donor_pdb:104B,acceptor_pdb:16C,donor_res:568,acceptor_res:944,donor_type:ARG,acceptor_type:CYT,acceptor_atom:O2,energy:-0.5368782467268494
133Y,donor_pdb:104B,acceptor_pdb:16C,donor_res:568,acceptor_res:944,donor_type:ARG,acceptor_type:CYT,acceptor_atom:N3,energy:-0.928545886719207
118H,donor_pdb:104B,acceptor_pdb:15C,donor_res:568,acceptor_res:943,donor_type:ARG,acceptor_type:GUA,acceptor_atom:O6,energy:-1.1124383220747873
118H,donor_pdb:104B,acceptor_pdb:16C,donor_res:568,acceptor_res:944,donor_type:ARG,acceptor_type:CYT,acceptor_atom:N3,energy:-1.3812302792923206
71Y,donor_pdb:104B,acceptor_pdb:15C,donor_res:568,acceptor_res:943,donor_type:ARG,acceptor_type:GUA,acceptor_atom:O6,energy:-1.4271832028278748
71Y,donor_pdb:104B,acceptor_pdb:16C,donor_res:568,acceptor_res:944,donor_type:ARG,acceptor_type:CYT,acceptor_atom:O2,energy:-0.5780613312468919
71Y,donor_pdb:104B,acceptor_pdb:16C,donor_res:568,acceptor_res:944,donor_type:ARG,acceptor_type:CYT,acceptor_atom:N3,energy:-1.0027771950105018
96M,donor_pdb:104B,acceptor_pdb:15C,donor_res:568,acceptor_res:943,donor_type:ARG,acceptor_type:GUA,acceptor_atom:O6,energy:-1.3497369273141797
96M,donor_pdb:104B,acceptor_pdb:16C,donor_res:568,acceptor_res:944,donor_type:ARG,acceptor_type:CYT,acceptor_atom:O2,energy:-0.14663584574759347
96M,donor_pdb:104B,acceptor_pdb:16C,donor_res:568,acceptor_res:944,donor_type:ARG,acceptor_type:CYT,acceptor_atom:N3,energy:-1.3503234701264983
106R,donor_pdb:104B,acceptor_pdb:15C,donor_res:568,acceptor_res:943,donor_type:ARG,acceptor_type:GUA,acceptor_atom:O6,energy:-1.4671390051954887
106R,donor_pdb:104B,acceptor_pdb:16C,donor_res:568,acceptor_res:944,donor_type:ARG,acceptor_type:CYT,acceptor_atom:O2,energy:-0.5622011690506132
106R,donor_pdb:104B,acceptor_pdb:16C,donor_res:568,acceptor_res:944,donor_type:ARG,acceptor_type:CYT,acceptor_atom:N3,energy:-0.9754046933468049
191Y,donor_pdb:104B,acceptor_pdb:15C,donor_res:568,acceptor_res:943,donor_type:ARG,acceptor_type:GUA,acceptor_atom:O6,energy:-1.470867711054633
191Y,donor_pdb:104B,acceptor_pdb:16C,donor_res:568,acceptor_res:944,donor_type:ARG,acceptor_type:CYT,acceptor_atom:O2,energy:-0.5370823205873914
191Y,donor_pdb:104B,acceptor_pdb:16C,donor_res:568,acceptor_res:944,donor_type:ARG,acceptor_type:CYT,acceptor_atom:N3,energy:-0.9992553534848506
84H,donor_pdb:104B,acceptor_pdb:15C,donor_res:568,acceptor_res:943,donor_type:ARG,acceptor_type:GUA,acceptor_atom:O6,energy:-1.4568691325155545
84H,donor_pdb:104B,acceptor_pdb:16C,donor_res:568,acceptor_res:944,donor_type:ARG,acceptor_type:CYT,acceptor_atom:O2,energy:-0.5558453228945816
84H,donor_pdb:104B,acceptor_pdb:16C,donor_res:568,acceptor_res:944,donor_type:ARG,acceptor_type:CYT,acceptor_atom:N3,energy:-0.9938066514340861
159H,donor_pdb:104B,acceptor_pdb:15C,donor_res:568,acceptor_res:943,donor_type:ARG,acceptor_type:GUA,acceptor_atom:O6,energy:-1.4074777276435522
159H,donor_pdb:104B,acceptor_pdb:16C,donor_res:568,acceptor_res:944,donor_type:ARG,acceptor_type:CYT,acceptor_atom:O2,energy:-0.6559130699606313
159H,donor_pdb:104B,acceptor_pdb:16C,donor_res:568,acceptor_res:944,donor_type:ARG,acceptor_type:CYT,acceptor_atom:N3,energy:-0.9363739937502903
79Q,donor_pdb:104B,acceptor_pdb:15C,donor_res:568,acceptor_res:943,donor_type:ARG,acceptor_type:GUA,acceptor_atom:O6,energy:-1.472252187802185
79Q,donor_pdb:104B,acceptor_pdb:16C,donor_res:568,acceptor_res:944,donor_type:ARG,acceptor_type:CYT,acceptor_atom:O2,energy:-0.5012486309036356
79Q,donor_pdb:104B,acceptor_pdb:16C,donor_res:568,acceptor_res:944,donor_type:ARG,acceptor_type:CYT,acceptor_atom:N3,energy:-1.0295717012423957
288Y,donor_pdb:104B,acceptor_pdb:15C,donor_res:568,acceptor_res:943,donor_type:ARG,acceptor_type:GUA,acceptor_atom:O6,energy:-1.4564073247086602
288Y,donor_pdb:104B,acceptor_pdb:16C,donor_res:568,acceptor_res:944,donor_type:ARG,acceptor_type:CYT,acceptor_atom:O2,energy:-0.49602483036658
288Y,donor_pdb:104B,acceptor_pdb:16C,donor_res:568,acceptor_res:944,donor_type:ARG,acceptor_type:CYT,acceptor_atom:N3,energy:-1.028723827592052
291K,donor_pdb:104B,acceptor_pdb:15C,donor_res:568,acceptor_res:943,donor_type:ARG,acceptor_type:GUA,acceptor_atom:O6,energy:-1.4165492112720401
291K,donor_pdb:104B,acceptor_pdb:16C,donor_res:568,acceptor_res:944,donor_type:ARG,acceptor_type:CYT,acceptor_atom:O2,energy:-0.010820097524453747
291K,donor_pdb:104B,acceptor_pdb:16C,donor_res:568,acceptor_res:944,donor_type:ARG,acceptor_type:CYT,acceptor_atom:N3,energy:-1.2251927865236771
201M,donor_pdb:104B,acceptor_pdb:15C,donor_res:568,acceptor_res:943,donor_type:ARG,acceptor_type:GUA,acceptor_atom:O6,energy:-1.471496870899048
201M,donor_pdb:104B,acceptor_pdb:16C,donor_res:568,acceptor_res:944,donor_type:ARG,acceptor_type:CYT,acceptor_atom:O2,energy:-0.5761842023181577
201M,donor_pdb:104B,acceptor_pdb:16C,donor_res:568,acceptor_res:944,donor_type:ARG,acceptor_type:CYT,acceptor_atom:N3,energy:-0.944282434482575
266K,donor_pdb:104B,acceptor_pdb:15C,donor_res:568,acceptor_res:943,donor_type:ARG,acceptor_type:GUA,acceptor_atom:O6,energy:-1.2685386954928837
266K,donor_pdb:104B,acceptor_pdb:16C,donor_res:568,acceptor_res:944,donor_type:ARG,acceptor_type:CYT,acceptor_atom:N3,energy:-1.378301317639899
97H,donor_pdb:104B,acceptor_pdb:15C,donor_res:568,acceptor_res:943,donor_type:ARG,acceptor_type:GUA,acceptor_atom:O6,energy:-1.272887622384471
97H,donor_pdb:104B,acceptor_pdb:16C,donor_res:568,acceptor_res:944,donor_type:ARG,acceptor_type:CYT,acceptor_atom:O2,energy:-0.29103949013701347
97H,donor_pdb:104B,acceptor_pdb:16C,donor_res:568,acceptor_res:944,donor_type:ARG,acceptor_type:CYT,acceptor_atom:N3,energy:-1.231378997167259
293M,donor_pdb:104B,acceptor_pdb:15C,donor_res:568,acceptor_res:943,donor_type:ARG,acceptor_type:GUA,acceptor_atom:O6,energy:-1.3670129138959326
293M,donor_pdb:104B,acceptor_pdb:16C,donor_res:568,acceptor_res:944,donor_type:ARG,acceptor_type:CYT,acceptor_atom:O2,energy:-0.15109647497191347
293M,donor_pdb:104B,acceptor_pdb:16C,donor_res:568,acceptor_res:944,donor_type:ARG,acceptor_type:CYT,acceptor_atom:N3,energy:-1.2589781711855121
80M,donor_pdb:104B,acceptor_pdb:15C,donor_res:568,acceptor_res:943,donor_type:ARG,acceptor_type:GUA,acceptor_atom:O6,energy:-1.239485842143347
80M,donor_pdb:104B,acceptor_pdb:16C,donor_res:568,acceptor_res:944,donor_type:ARG,acceptor_type:CYT,acceptor_atom:N3,energy:-1.3931341393541863
274Q,donor_pdb:104B,acceptor_pdb:15C,donor_res:568,acceptor_res:943,donor_type:ARG,acceptor_type:GUA,acceptor_atom:O6,energy:-1.4887414086017272
274Q,donor_pdb:104B,acceptor_pdb:16C,donor_res:568,acceptor_res:944,donor_type:ARG,acceptor_type:CYT,acceptor_atom:O2,energy:-0.4395903726780919
274Q,donor_pdb:104B,acceptor_pdb:16C,donor_res:568,acceptor_res:944,donor_type:ARG,acceptor_type:CYT,acceptor_atom:N3,energy:-1.0094526769265058
190Y,donor_pdb:104B,acceptor_pdb:15C,donor_res:568,acceptor_res:943,donor_type:ARG,acceptor_type:GUA,acceptor_atom:O6,energy:-1.4288937402787645
190Y,donor_pdb:104B,acceptor_pdb:16C,donor_res:568,acceptor_res:944,donor_type:ARG,acceptor_type:CYT,acceptor_atom:O2,energy:-0.34089299858920685
190Y,donor_pdb:104B,acceptor_pdb:16C,donor_res:568,acceptor_res:944,donor_type:ARG,acceptor_type:CYT,acceptor_atom:N3,energy:-1.1737239670175554
154R,donor_pdb:154A,acceptor_pdb:6D,donor_res:154,acceptor_res:974,donor_type:ARG,acceptor_type:GUA,acceptor_atom:OP2,energy:-1.0528698104511538
154R,donor_pdb:104B,acceptor_pdb:15C,donor_res:568,acceptor_res:943,donor_type:ARG,acceptor_type:GUA,acceptor_atom:O6,energy:-1.207190711796845
154R,donor_pdb:104B,acceptor_pdb:16C,donor_res:568,acceptor_res:944,donor_type:ARG,acceptor_type:CYT,acceptor_atom:N3,energy:-1.3942193892155033
92L,donor_pdb:104B,acceptor_pdb:15C,donor_res:568,acceptor_res:943,donor_type:ARG,acceptor_type:GUA,acceptor_atom:O6,energy:-1.4143822647434547
92L,donor_pdb:104B,acceptor_pdb:16C,donor_res:568,acceptor_res:944,donor_type:ARG,acceptor_type:CYT,acceptor_atom:O2,energy:-0.5614418208073065
92L,donor_pdb:104B,acceptor_pdb:16C,donor_res:568,acceptor_res:944,donor_type:ARG,acceptor_type:CYT,acceptor_atom:N3,energy:-0.9573905537239181
