96M,protein_pdb:104B,dna_pdb:15C,protein_res:568,dna_res:943,protein_type:ARG,dna_type:GUA,charge_complementary:True,energy:-0.5633685521676193
347Q,protein_pdb:104B,dna_pdb:15C,protein_res:568,dna_res:943,protein_type:ARG,dna_type:GUA,charge_complementary:True,energy:-0.5177658874175692
133Y,protein_pdb:104B,dna_pdb:15C,protein_res:568,dna_res:943,protein_type:ARG,dna_type:GUA,charge_complementary:True,energy:-0.53843018764629
193Y,protein_pdb:104B,dna_pdb:15C,protein_res:568,dna_res:943,protein_type:ARG,dna_type:GUA,charge_complementary:True,energy:-0.5563045889388487
345Q,protein_pdb:104B,dna_pdb:15C,protein_res:568,dna_res:943,protein_type:ARG,dna_type:GUA,charge_complementary:True,energy:-0.5611962701086026
97H,protein_pdb:104B,dna_pdb:15C,protein_res:568,dna_res:943,protein_type:ARG,dna_type:GUA,charge_complementary:True,energy:-0.5051606167090285
274R,protein_pdb:274A,dna_pdb:20C,protein_res:274,dna_res:948,protein_type:ARG,dna_type:GUA,charge_complementary:True,energy:-0.6130696062940704
154R,protein_pdb:154A,dna_pdb:6D,protein_res:154,dna_res:974,protein_type:ARG,dna_type:GUA,charge_complementary:True,energy:-2.011734028353701
154R,protein_pdb:154A,dna_pdb:7D,protein_res:154,dna_res:975,protein_type:ARG,dna_type:GUA,charge_complementary:True,energy:-0.57584115946414
154R,protein_pdb:104B,dna_pdb:15C,protein_res:568,dna_res:943,protein_type:ARG,dna_type:GUA,charge_complementary:True,energy:-0.5781900552108843
154R,protein_pdb:154B,dna_pdb:8C,protein_res:618,dna_res:936,protein_type:ARG,dna_type:GUA,charge_complementary:True,energy:-1.3858297207867967
154R,protein_pdb:154B,dna_pdb:9C,protein_res:618,dna_res:937,protein_type:ARG,dna_type:GUA,charge_complementary:True,energy:-2.401905019307398
345R,protein_pdb:274A,dna_pdb:19C,protein_res:274,dna_res:947,protein_type:LYS,dna_type:GUA,charge_complementary:True,energy:0.5688049535200168
345R,protein_pdb:303A,dna_pdb:25C,protein_res:303,dna_res:953,protein_type:ARG,dna_type:CYT,charge_complementary:True,energy:-0.8614868257536877
345R,protein_pdb:345A,dna_pdb:26C,protein_res:345,dna_res:954,protein_type:ARG,dna_type:ADE,charge_complementary:True,energy:-1.0511299152895337
345R,protein_pdb:345A,dna_pdb:27C,protein_res:345,dna_res:955,protein_type:ARG,dna_type:CYT,charge_complementary:True,energy:0.7543901821953077
345R,protein_pdb:345B,dna_pdb:19C,protein_res:809,dna_res:947,protein_type:ARG,dna_type:GUA,charge_complementary:True,energy:0.6286185013372646
300R,protein_pdb:300A,dna_pdb:25C,protein_res:300,dna_res:953,protein_type:ARG,dna_type:CYT,charge_complementary:True,energy:0.5385598282916344
300R,protein_pdb:104B,dna_pdb:15C,protein_res:568,dna_res:943,protein_type:ARG,dna_type:GUA,charge_complementary:True,energy:-0.5337128727310029
255Q,protein_pdb:303A,dna_pdb:25C,protein_res:303,dna_res:953,protein_type:ARG,dna_type:CYT,charge_complementary:True,energy:-0.9757406181561916
341K,protein_pdb:341A,dna_pdb:26C,protein_res:341,dna_res:954,protein_type:LYS,dna_type:ADE,charge_complementary:True,energy:0.8855019029087028
95K,protein_pdb:95B,dna_pdb:10C,protein_res:559,dna_res:938,protein_type:LYS,dna_type:GUA,charge_complementary:True,energy:-0.889448006106133
118H,protein_pdb:104B,dna_pdb:15C,protein_res:568,dna_res:943,protein_type:ARG,dna_type:GUA,charge_complementary:True,energy:-0.5531695929999221
330M,protein_pdb:104B,dna_pdb:15C,protein_res:568,dna_res:943,protein_type:ARG,dna_type:GUA,charge_complementary:True,energy:-0.6221622011206538
266K,protein_pdb:104B,dna_pdb:15C,protein_res:568,dna_res:943,protein_type:ARG,dna_type:GUA,charge_complementary:True,energy:-0.5705871660761195
331R,protein_pdb:331A,dna_pdb:27C,protein_res:331,dna_res:955,protein_type:ARG,dna_type:CYT,charge_complementary:True,energy:0.6059625283912919
92L,protein_pdb:104B,dna_pdb:15C,protein_res:568,dna_res:943,protein_type:ARG,dna_type:GUA,charge_complementary:True,energy:-0.5552679950426576
